"","full_name","id"
"1","    Julianne Cherry",97071
"2","    Jason Williamson",41474
"3","    Marilyn Rush",98947
"4","    Freddy Hahn",29185
"5","    Kathy Brennan",67539
"6","    Ralph Buckley",16218
"7","    Dennis Olsen",62964
"8","    Kassandra Zamora",43534
"9","    Lukas Leon",37809
"10","    Brice Mcfarland",89727
"11","    Adrienne Mcgee",44859
"12","    Amber Silva",10153
"13","    Monserrat Gonzales",24459
"14","    Autumn Bray",71984
"15","    Davion Novak",97400
"16","    Camron Reid",29746
"17","    Guillermo Berg",30135
"18","    Mariah Rivas",29150
"19","    Neveah Brown",57282
"20","    Shayla Campbell",57390
"21","    Nathalie Reilly",80093
"22","    Amiah Simmons",74850
"23","    Raina Cooke",88011
"24","    Nickolas Higgins",70941
"25","    Simon Rosario",66713
"26","    Brycen Soto",14192
"27","    Zaiden Green",59472
"28","    Mallory Collier",29940
"29","    Landon Conrad",69769
"30","    Izabella Avery",63888
"31","    Carlo Freeman",67699
"32","    Justus Acosta",64795
"33","    Anya Sparks",70923
"34","    Scott Callahan",21343
"35","    Ethan Gentry",86994
"36","    Maritza Conner",56070
"37","    Quintin Mcmahon",50335
"38","    Clinton Phillips",81536
"39","    Uriah Myers",35855
"40","    Gregory Silva",18094
"41","    Aiyana Perkins",81971
"42","    Collin Fritz",42355
"43","    Blake Mcneil",80051
"44","    Kimora Davila",39025
"45","    Derick Larsen",18343
"46","    Ryan Fuentes",61535
"47","    Kara Duffy",54046
"48","    Tripp Hunter",76094
"49","    Kaliyah Deleon",32948
"50","    Alfonso Pruitt",38539
"51","    Dillon Christian",78230
"52","    Kameron Hicks",31500
"53","    Giovanny Leonard",12893
"54","    Jason Rose",53742
"55","    Aileen Archer",15345
"56","    Aidan Shaffer",44209
"57","    Keira Miller",64712
"58","    Aaden Best",40163
"59","    Aylin Krueger",40058
"60","    Skye Krueger",86716
"61","    Athena Wiley",71409
"62","    Bailey Beltran",53188
"63","    Karli Glenn",63194
"64","    Ashtyn Hines",62457
"65","    Ainsley Yang",71608
"66","    Lillian Robinson",36716
"67","    Aleah Klein",61414
"68","    Christine Shields",41038
"69","    London Deleon",76946
"70","    Trenton Rose",26942
"71","    Amaris Baxter",65564
"72","    Colten Lutz",25648
"73","    Carl Escobar",47886
"74","    Uriel Fitzpatrick",63416
"75","    Zain Mckenzie",98788
"76","    Erin Rivers",27576
"77","    Jaime Kirk",30038
"78","    Adolfo Bell",19293
"79","    Luciano Brandt",13444
"80","    Isabela Yates",57575
"81","    Wade Watts",81900
"82","    Brennan Andersen",68934
"83","    Memphis Lane",97013
"84","    Amiya York",91661
"85","    Gael Sampson",52131
"86","    Harrison Serrano",30957
"87","    Jeremy Lee",64635
"88","    Ella Bush",32092
"89","    Ellis Mayo",14910
"90","    Madden Hayden",42753
"91","    Cara Melendez",54544
"92","    Carl Morgan",33330
"93","    Amare Morse",79067
"94","    Roderick Osborn",82746
"95","    Karsyn Morrow",15738
"96","    Zechariah Baldwin",83910
"97","    Miriam Grant",87271
"98","    Audrina Watkins",19456
"99","    Elisha Parker",91204
"100","    Cyrus Mcdaniel",24544
"101","    Deon Baker",40838
"102","    Shawn Silva",47461
"103","    Frankie Meza",27820
"104","    Kelvin Parsons",48621
"105","    Ellie Kramer",19989
"106","    Aydin Owens",75918
"107","    Mariela Nguyen",78120
"108","    Amira Kerr",81957
"109","    Hannah Mckay",76510
"110","    Maren Young",96234
"111","    Gavyn Rodgers",50187
"112","    Hassan Sparks",49128
"113","    Skyler Cline",42812
"114","    Camilla Snow",88940
"115","    Erika Mcclain",69604
"116","    Anika Collier",76033
"117","    Jose Harrison",42621
"118","    America Burgess",67031
"119","    Kareem Gould",56094
"120","    Ayanna Gomez",77051
"121","    Krish Schaefer",19721
"122","    Ansley Rangel",16460
"123","    Kadyn Mcmahon",85232
"124","    Jeffrey Cantu",71587
"125","    Jaqueline Obrien",46163
"126","    Eli Owens",91764
"127","    Rigoberto Spears",38657
"128","    Carley Knight",39193
"129","    Jayleen Alexander",30359
"130","    Pierre Boone",61236
"131","    Jadiel Mccullough",16442
"132","    Kelly Haley",86942
"133","    Reece Dunlap",51152
"134","    Elyse Rasmussen",14562
"135","    Rodolfo Huynh",13549
"136","    Lexie Rosario",97258
"137","    Andres Watson",46282
"138","    Anabel Rich",87225
"139","    Caden Bullock",94763
"140","    Hector Estrada",86790
"141","    Ashlyn Stafford",28022
"142","    Lawson Salas",90389
"143","    Camron Hurley",90841
"144","    Kennedy Wise",65617
"145","    Rishi Steele",38768
"146","    Gwendolyn Maxwell",32229
"147","    Cassidy Deleon",25208
"148","    Lennon Carson",17872
"149","    Casey Clark",77421
"150","    Alia Merritt",76413
"151","    Daphne Peck",80975
"152","    Jeremiah Raymond",82393
"153","    Joaquin Stout",93877
"154","    Jane Leonard",23069
"155","    Ryker Hernandez",45739
"156","    Jadyn Hines",51979
"157","    Yusuf Brewer",12146
"158","    Hailey Wilkins",93198
"159","    Darian Suarez",54582
"160","    Kyra Joseph",76379
"161","    Christine Parrish",99352
"162","    Zechariah Blake",99722
"163","    Jaycee Campbell",89111
"164","    Kiersten Cook",99647
"165","    Corinne Henson",41429
"166","    Jane Buck",26183
"167","    Natasha Hopkins",22991
"168","    Samara Cherry",32664
"169","    Antonio Deleon",28206
"170","    Maurice Reilly",80243
"171","    Rishi Christensen",54720
"172","    Aria Collins",83499
"173","    Carlie Costa",60738
"174","    Rayna Mcgrath",88187
"175","    Adrianna Barnett",87753
"176","    Madelyn Navarro",79007
"177","    Josiah Dillon",56089
"178","    Johan Lyons",89498
"179","    Miya Mcgee",74114
"180","    Jalen Roberts",30500
"181","    Elliana Robertson",68226
"182","    Keyon Manning",84155
"183","    Erika Everett",62892
"184","    Stanley Reeves",76350
"185","    Briley Guzman",41932
"186","    Gael Newton",95820
"187","    Kelsie Perkins",92039
"188","    Mariah Richardson",55554
"189","    August Terrell",84869
"190","    Nicole Black",46346
"191","    Shawn Grant",24856
"192","    Billy Mcintosh",65247
"193","    Donald Long",64968
"194","    Gordon Valdez",11793
"195","    Kiersten Charles",49245
"196","    Jovani Blackburn",46451
"197","    Grady Sherman",10446
"198","    Camilla Holmes",28901
"199","    Karly Armstrong",64917
"200","    Jadyn Wang",17589
